Designator,Mid X,Mid Y,Rotation,Layer
S1,138.112568,-63.10317,180.0,top
S2,109.537568,-63.10317,0.0,top
S3,166.687616,-63.10317,0.0,top
